<?xml version="1.0"?>

<portlet-app xmlns="http://java.sun.com/xml/ns/portlet/portlet-app_2_0.xsd" xmlns:xsi="http://www.w3.org/2001/XMLSchema-instance" xsi:schemaLocation="http://java.sun.com/xml/ns/portlet/portlet-app_2_0.xsd http://java.sun.com/xml/ns/portlet/portlet-app_2_0.xsd" version="2.0">
	<portlet>
		<portlet-name>WordpressImporter</portlet-name>
		<display-name>Wordpress Importer</display-name>
		<portlet-class>com.liferay.WordpressImporterPortlet</portlet-class>
		<init-param>
			<name>view-jsp</name>
			<value>/html/view.jsp</value>
		</init-param>
		<init-param>
			<name>help-jsp</name>
			<value>/html/help.jsp</value>
		</init-param>
		<init-param>
			<name>config-jsp</name>
			<value>/html/configuration.jsp</value>
		</init-param>
		<expiration-cache>0</expiration-cache>
		<supports>
			<mime-type>text/html</mime-type>			
			<portlet-mode>VIEW</portlet-mode>
			<portlet-mode>HELP</portlet-mode>			
		</supports>
		<resource-bundle>content/Language</resource-bundle>
		<portlet-info>
			<title>Wordpress Importer</title>
			<short-title>Wordpress Importer</short-title>
			<keywords>Wordpress Importer</keywords>
		</portlet-info>
		<security-role-ref>
			<role-name>administrator</role-name>
		</security-role-ref>
		<security-role-ref>
			<role-name>guest</role-name>
		</security-role-ref>
		<security-role-ref>
			<role-name>power-user</role-name>
		</security-role-ref>
		<security-role-ref>
			<role-name>user</role-name>
		</security-role-ref>
	</portlet>
</portlet-app>